Run,Assay Type,AvgSpotLen,Bases,BioProject,BioSample,Bytes,Center Name,Consent,DATASTORE filetype,DATASTORE provider,DATASTORE region,Experiment,GEO_Accession (exp),Instrument,LibraryLayout,LibrarySelection,LibrarySource,Organism,Platform,ReleaseDate,create_date,version,Sample Name,source_name,SRA Study,TimePoint
SRR12534844,RNA-Seq,300,10292718600,PRJNA659756,SAMN15924933,3136459591,GEO,public,"fastq,sra,run.zq","s3,ncbi,gs","gs.US,s3.us-east-1,ncbi.public",SRX9024682,GSM4750165,Illumina NovaSeq 6000,PAIRED,cDNA,TRANSCRIPTOMIC,Salmo salar,ILLUMINA,2020-08-28T00:00:00Z,2020-08-27T15:58:00Z,1,GSM4750165,liver,SRP279079,T1
SRR12534845,RNA-Seq,300,10235931000,PRJNA659756,SAMN15924933,3138840954,GEO,public,"run.zq,sra,fastq","gs,ncbi,s3","s3.us-east-1,gs.US,ncbi.public",SRX9024682,GSM4750165,Illumina NovaSeq 6000,PAIRED,cDNA,TRANSCRIPTOMIC,Salmo salar,ILLUMINA,2020-08-28T00:00:00Z,2020-08-27T15:57:00Z,1,GSM4750165,liver,SRP279079,T1
SRR12534846,RNA-Seq,300,12025305600,PRJNA659756,SAMN15924901,3686593978,GEO,public,"run.zq,sra,fastq","gs,s3,ncbi","ncbi.public,gs.US,s3.us-east-1",SRX9024683,GSM4750166,Illumina NovaSeq 6000,PAIRED,cDNA,TRANSCRIPTOMIC,Salmo salar,ILLUMINA,2020-08-28T00:00:00Z,2020-08-27T15:59:00Z,1,GSM4750166,liver,SRP279079,T1
SRR12534847,RNA-Seq,300,11971890000,PRJNA659756,SAMN15924901,3695859847,GEO,public,"run.zq,fastq,sra","s3,ncbi,gs","gs.US,s3.us-east-1,ncbi.public",SRX9024683,GSM4750166,Illumina NovaSeq 6000,PAIRED,cDNA,TRANSCRIPTOMIC,Salmo salar,ILLUMINA,2020-08-28T00:00:00Z,2020-08-27T16:06:00Z,1,GSM4750166,liver,SRP279079,T1
SRR12534848,RNA-Seq,300,11189045700,PRJNA659756,SAMN15924900,3413672195,GEO,public,"run.zq,sra,fastq","gs,ncbi,s3","gs.US,s3.us-east-1,ncbi.public",SRX9024684,GSM4750167,Illumina NovaSeq 6000,PAIRED,cDNA,TRANSCRIPTOMIC,Salmo salar,ILLUMINA,2020-08-28T00:00:00Z,2020-08-27T16:02:00Z,1,GSM4750167,liver,SRP279079,T1
SRR12534849,RNA-Seq,300,11128644600,PRJNA659756,SAMN15924900,3417082727,GEO,public,"sra,fastq,run.zq","s3,ncbi,gs","gs.US,ncbi.public,s3.us-east-1",SRX9024684,GSM4750167,Illumina NovaSeq 6000,PAIRED,cDNA,TRANSCRIPTOMIC,Salmo salar,ILLUMINA,2020-08-28T00:00:00Z,2020-08-27T16:06:00Z,1,GSM4750167,liver,SRP279079,T1
SRR12534850,RNA-Seq,300,10493979300,PRJNA659756,SAMN15924899,3165639692,GEO,public,"fastq,sra,run.zq","s3,ncbi,gs","gs.US,ncbi.public,s3.us-east-1",SRX9024685,GSM4750168,Illumina NovaSeq 6000,PAIRED,cDNA,TRANSCRIPTOMIC,Salmo salar,ILLUMINA,2020-08-28T00:00:00Z,2020-08-27T15:58:00Z,1,GSM4750168,liver,SRP279079,T1
SRR12534851,RNA-Seq,300,10444743000,PRJNA659756,SAMN15924899,3170880724,GEO,public,"fastq,run.zq,sra","ncbi,s3,gs","gs.US,s3.us-east-1,ncbi.public",SRX9024685,GSM4750168,Illumina NovaSeq 6000,PAIRED,cDNA,TRANSCRIPTOMIC,Salmo salar,ILLUMINA,2020-08-28T00:00:00Z,2020-08-27T16:01:00Z,1,GSM4750168,liver,SRP279079,T1
SRR12534852,RNA-Seq,300,10354223100,PRJNA659756,SAMN15924898,3069701043,GEO,public,"fastq,run.zq,sra","ncbi,s3,gs","ncbi.public,s3.us-east-1,gs.US",SRX9024686,GSM4750169,Illumina NovaSeq 6000,PAIRED,cDNA,TRANSCRIPTOMIC,Salmo salar,ILLUMINA,2020-08-28T00:00:00Z,2020-08-27T15:52:00Z,1,GSM4750169,liver,SRP279079,T2
SRR12534853,RNA-Seq,300,10317606000,PRJNA659756,SAMN15924898,3082526828,GEO,public,"run.zq,sra,fastq","ncbi,s3,gs","gs.US,s3.us-east-1,ncbi.public",SRX9024686,GSM4750169,Illumina NovaSeq 6000,PAIRED,cDNA,TRANSCRIPTOMIC,Salmo salar,ILLUMINA,2020-08-28T00:00:00Z,2020-08-27T15:53:00Z,1,GSM4750169,liver,SRP279079,T2
SRR12534854,RNA-Seq,300,9761832600,PRJNA659756,SAMN15924897,2877088040,GEO,public,"run.zq,fastq,sra","s3,ncbi,gs","ncbi.public,gs.US,s3.us-east-1",SRX9024687,GSM4750170,Illumina NovaSeq 6000,PAIRED,cDNA,TRANSCRIPTOMIC,Salmo salar,ILLUMINA,2020-08-28T00:00:00Z,2020-08-27T15:55:00Z,1,GSM4750170,liver,SRP279079,T2
SRR12534855,RNA-Seq,300,9727036200,PRJNA659756,SAMN15924897,2886075611,GEO,public,"fastq,run.zq,sra","ncbi,gs,s3","gs.US,s3.us-east-1,ncbi.public",SRX9024687,GSM4750170,Illumina NovaSeq 6000,PAIRED,cDNA,TRANSCRIPTOMIC,Salmo salar,ILLUMINA,2020-08-28T00:00:00Z,2020-08-27T15:51:00Z,1,GSM4750170,liver,SRP279079,T2
SRR12534856,RNA-Seq,300,9568275900,PRJNA659756,SAMN15924896,2866871777,GEO,public,"sra,fastq,run.zq","gs,s3,ncbi","gs.US,ncbi.public,s3.us-east-1",SRX9024688,GSM4750171,Illumina NovaSeq 6000,PAIRED,cDNA,TRANSCRIPTOMIC,Salmo salar,ILLUMINA,2020-08-28T00:00:00Z,2020-08-27T15:56:00Z,1,GSM4750171,liver,SRP279079,T2
SRR12534857,RNA-Seq,300,9540485700,PRJNA659756,SAMN15924896,2878194706,GEO,public,"fastq,sra,run.zq","gs,ncbi,s3","s3.us-east-1,ncbi.public,gs.US",SRX9024688,GSM4750171,Illumina NovaSeq 6000,PAIRED,cDNA,TRANSCRIPTOMIC,Salmo salar,ILLUMINA,2020-08-28T00:00:00Z,2020-08-27T15:54:00Z,1,GSM4750171,liver,SRP279079,T2
SRR12534858,RNA-Seq,300,9148369200,PRJNA659756,SAMN15924895,2718706020,GEO,public,"sra,run.zq,fastq","s3,gs,ncbi","s3.us-east-1,gs.US,ncbi.public",SRX9024689,GSM4750172,Illumina NovaSeq 6000,PAIRED,cDNA,TRANSCRIPTOMIC,Salmo salar,ILLUMINA,2020-08-28T00:00:00Z,2020-08-27T15:54:00Z,1,GSM4750172,liver,SRP279079,T2
SRR12534859,RNA-Seq,300,9118093200,PRJNA659756,SAMN15924895,2729613403,GEO,public,"fastq,run.zq,sra","s3,ncbi,gs","s3.us-east-1,gs.US,ncbi.public",SRX9024689,GSM4750172,Illumina NovaSeq 6000,PAIRED,cDNA,TRANSCRIPTOMIC,Salmo salar,ILLUMINA,2020-08-28T00:00:00Z,2020-08-27T15:51:00Z,1,GSM4750172,liver,SRP279079,T2
SRR12534860,RNA-Seq,300,9582086100,PRJNA659756,SAMN15924894,2833277145,GEO,public,"sra,fastq,run.zq","s3,gs,ncbi","ncbi.public,s3.us-east-1,gs.US",SRX9024690,GSM4750173,Illumina NovaSeq 6000,PAIRED,cDNA,TRANSCRIPTOMIC,Salmo salar,ILLUMINA,2020-08-28T00:00:00Z,2020-08-27T16:13:00Z,1,GSM4750173,liver,SRP279079,T3
SRR12534861,RNA-Seq,300,9557272800,PRJNA659756,SAMN15924894,2847161584,GEO,public,"run.zq,fastq,sra","gs,s3,ncbi","gs.US,ncbi.public,s3.us-east-1",SRX9024690,GSM4750173,Illumina NovaSeq 6000,PAIRED,cDNA,TRANSCRIPTOMIC,Salmo salar,ILLUMINA,2020-08-28T00:00:00Z,2020-08-27T15:52:00Z,1,GSM4750173,liver,SRP279079,T3
SRR12534862,RNA-Seq,300,9981665700,PRJNA659756,SAMN15924892,2920688952,GEO,public,"fastq,sra,run.zq","ncbi,gs,s3","ncbi.public,gs.US,s3.us-east-1",SRX9024691,GSM4750174,Illumina NovaSeq 6000,PAIRED,cDNA,TRANSCRIPTOMIC,Salmo salar,ILLUMINA,2020-08-28T00:00:00Z,2020-08-27T15:57:00Z,1,GSM4750174,liver,SRP279079,T3
SRR12534863,RNA-Seq,300,9961827600,PRJNA659756,SAMN15924892,2936322392,GEO,public,"run.zq,sra,fastq","ncbi,s3,gs","ncbi.public,s3.us-east-1,gs.US",SRX9024691,GSM4750174,Illumina NovaSeq 6000,PAIRED,cDNA,TRANSCRIPTOMIC,Salmo salar,ILLUMINA,2020-08-28T00:00:00Z,2020-08-27T15:56:00Z,1,GSM4750174,liver,SRP279079,T3
SRR12534864,RNA-Seq,300,9575075700,PRJNA659756,SAMN15924891,2806062988,GEO,public,"fastq,run.zq,sra","s3,gs,ncbi","s3.us-east-1,ncbi.public,gs.US",SRX9024692,GSM4750175,Illumina NovaSeq 6000,PAIRED,cDNA,TRANSCRIPTOMIC,Salmo salar,ILLUMINA,2020-08-28T00:00:00Z,2020-08-27T15:56:00Z,1,GSM4750175,liver,SRP279079,T3
SRR12534865,RNA-Seq,300,9543410400,PRJNA659756,SAMN15924891,2818014080,GEO,public,"run.zq,fastq,sra","s3,gs,ncbi","ncbi.public,s3.us-east-1,gs.US",SRX9024692,GSM4750175,Illumina NovaSeq 6000,PAIRED,cDNA,TRANSCRIPTOMIC,Salmo salar,ILLUMINA,2020-08-28T00:00:00Z,2020-08-27T15:57:00Z,1,GSM4750175,liver,SRP279079,T3
SRR12534866,RNA-Seq,300,9945428700,PRJNA659756,SAMN15924890,2899271212,GEO,public,"sra,run.zq,fastq","gs,s3,ncbi","s3.us-east-1,ncbi.public,gs.US",SRX9024693,GSM4750176,Illumina NovaSeq 6000,PAIRED,cDNA,TRANSCRIPTOMIC,Salmo salar,ILLUMINA,2020-08-28T00:00:00Z,2020-08-27T15:52:00Z,1,GSM4750176,liver,SRP279079,T3
SRR12534867,RNA-Seq,300,9916045500,PRJNA659756,SAMN15924890,2910750979,GEO,public,"sra,run.zq,fastq","ncbi,gs,s3","ncbi.public,s3.us-east-1,gs.US",SRX9024693,GSM4750176,Illumina NovaSeq 6000,PAIRED,cDNA,TRANSCRIPTOMIC,Salmo salar,ILLUMINA,2020-08-28T00:00:00Z,2020-08-27T15:53:00Z,1,GSM4750176,liver,SRP279079,T3
SRR12534868,RNA-Seq,300,8938353000,PRJNA659756,SAMN15924889,2666845931,GEO,public,"run.zq,fastq,sra","s3,ncbi,gs","ncbi.public,gs.US,s3.us-east-1",SRX9024694,GSM4750177,Illumina NovaSeq 6000,PAIRED,cDNA,TRANSCRIPTOMIC,Salmo salar,ILLUMINA,2020-08-28T00:00:00Z,2020-08-27T16:02:00Z,1,GSM4750177,liver,SRP279079,T4
SRR12534869,RNA-Seq,300,8885403300,PRJNA659756,SAMN15924889,2669393811,GEO,public,"sra,run.zq,fastq","gs,s3,ncbi","gs.US,ncbi.public,s3.us-east-1",SRX9024694,GSM4750177,Illumina NovaSeq 6000,PAIRED,cDNA,TRANSCRIPTOMIC,Salmo salar,ILLUMINA,2020-08-28T00:00:00Z,2020-08-27T15:58:00Z,1,GSM4750177,liver,SRP279079,T4
SRR12534870,RNA-Seq,300,10102411800,PRJNA659756,SAMN15924888,3043699205,GEO,public,"run.zq,fastq,sra","s3,ncbi,gs","ncbi.public,gs.US,s3.us-east-1",SRX9024695,GSM4750178,Illumina NovaSeq 6000,PAIRED,cDNA,TRANSCRIPTOMIC,Salmo salar,ILLUMINA,2020-08-28T00:00:00Z,2020-08-27T16:06:00Z,1,GSM4750178,liver,SRP279079,T4
SRR12534871,RNA-Seq,300,10061070300,PRJNA659756,SAMN15924888,3053589248,GEO,public,"sra,fastq,run.zq","gs,s3,ncbi","gs.US,s3.us-east-1,ncbi.public",SRX9024695,GSM4750178,Illumina NovaSeq 6000,PAIRED,cDNA,TRANSCRIPTOMIC,Salmo salar,ILLUMINA,2020-08-28T00:00:00Z,2020-08-27T15:55:00Z,1,GSM4750178,liver,SRP279079,T4
SRR12534872,RNA-Seq,300,9018057600,PRJNA659756,SAMN15924887,2706130308,GEO,public,"sra,fastq,run.zq","gs,s3,ncbi","gs.US,ncbi.public,s3.us-east-1",SRX9024696,GSM4750179,Illumina NovaSeq 6000,PAIRED,cDNA,TRANSCRIPTOMIC,Salmo salar,ILLUMINA,2020-08-28T00:00:00Z,2020-08-27T16:14:00Z,1,GSM4750179,liver,SRP279079,T4
SRR12534873,RNA-Seq,300,8963011500,PRJNA659756,SAMN15924887,2708518483,GEO,public,"sra,fastq,run.zq","ncbi,gs,s3","ncbi.public,s3.us-east-1,gs.US",SRX9024696,GSM4750179,Illumina NovaSeq 6000,PAIRED,cDNA,TRANSCRIPTOMIC,Salmo salar,ILLUMINA,2020-08-28T00:00:00Z,2020-08-27T15:57:00Z,1,GSM4750179,liver,SRP279079,T4
SRR12534874,RNA-Seq,300,9627791400,PRJNA659756,SAMN15924886,2872102548,GEO,public,"sra,run.zq,fastq","gs,s3,ncbi","ncbi.public,s3.us-east-1,gs.US",SRX9024697,GSM4750180,Illumina NovaSeq 6000,PAIRED,cDNA,TRANSCRIPTOMIC,Salmo salar,ILLUMINA,2020-08-28T00:00:00Z,2020-08-27T15:54:00Z,1,GSM4750180,liver,SRP279079,T4
SRR12534875,RNA-Seq,300,9576615300,PRJNA659756,SAMN15924886,2876204969,GEO,public,"sra,run.zq,fastq","ncbi,s3,gs","gs.US,ncbi.public,s3.us-east-1",SRX9024697,GSM4750180,Illumina NovaSeq 6000,PAIRED,cDNA,TRANSCRIPTOMIC,Salmo salar,ILLUMINA,2020-08-28T00:00:00Z,2020-08-27T16:07:00Z,1,GSM4750180,liver,SRP279079,T4
SRR12534876,RNA-Seq,300,10159066200,PRJNA659756,SAMN15924885,3109633109,GEO,public,"sra,fastq,run.zq","s3,ncbi,gs","ncbi.public,s3.us-east-1,gs.US",SRX9024698,GSM4750181,Illumina NovaSeq 6000,PAIRED,cDNA,TRANSCRIPTOMIC,Salmo salar,ILLUMINA,2020-08-28T00:00:00Z,2020-08-27T16:57:00Z,1,GSM4750181,brain,SRP279079,T1
SRR12534877,RNA-Seq,300,10098952500,PRJNA659756,SAMN15924885,3111905121,GEO,public,"sra,run.zq,fastq","s3,gs,ncbi","ncbi.public,gs.US,s3.us-east-1",SRX9024698,GSM4750181,Illumina NovaSeq 6000,PAIRED,cDNA,TRANSCRIPTOMIC,Salmo salar,ILLUMINA,2020-08-28T00:00:00Z,2020-08-27T17:10:00Z,1,GSM4750181,brain,SRP279079,T1
SRR12534878,RNA-Seq,300,23910114600,PRJNA659756,SAMN15924884,7185722813,GEO,public,"fastq,sra,run.zq","s3,ncbi,gs","s3.us-east-1,ncbi.public,gs.US",SRX9024699,GSM4750182,Illumina NovaSeq 6000,PAIRED,cDNA,TRANSCRIPTOMIC,Salmo salar,ILLUMINA,2020-08-28T00:00:00Z,2020-08-27T17:17:00Z,1,GSM4750182,brain,SRP279079,T1
SRR12534879,RNA-Seq,300,23800843200,PRJNA659756,SAMN15924884,7198752057,GEO,public,"run.zq,sra,fastq","ncbi,gs,s3","s3.us-east-1,ncbi.public,gs.US",SRX9024699,GSM4750182,Illumina NovaSeq 6000,PAIRED,cDNA,TRANSCRIPTOMIC,Salmo salar,ILLUMINA,2020-08-28T00:00:00Z,2020-08-27T17:48:00Z,1,GSM4750182,brain,SRP279079,T1
SRR12534880,RNA-Seq,300,11555136900,PRJNA659756,SAMN15924883,3418170068,GEO,public,"run.zq,sra,fastq","ncbi,gs,s3","gs.US,ncbi.public,s3.us-east-1",SRX9024700,GSM4750183,Illumina NovaSeq 6000,PAIRED,cDNA,TRANSCRIPTOMIC,Salmo salar,ILLUMINA,2020-08-28T00:00:00Z,2020-08-27T17:21:00Z,1,GSM4750183,brain,SRP279079,T1
SRR12534881,RNA-Seq,300,11527663200,PRJNA659756,SAMN15924883,3436249079,GEO,public,"run.zq,sra,fastq","s3,ncbi,gs","s3.us-east-1,ncbi.public,gs.US",SRX9024700,GSM4750183,Illumina NovaSeq 6000,PAIRED,cDNA,TRANSCRIPTOMIC,Salmo salar,ILLUMINA,2020-08-28T00:00:00Z,2020-08-27T17:09:00Z,1,GSM4750183,brain,SRP279079,T1
SRR12534882,RNA-Seq,300,10913912100,PRJNA659756,SAMN15924925,3233014521,GEO,public,"run.zq,fastq,sra","ncbi,s3,gs","gs.US,ncbi.public,s3.us-east-1",SRX9024701,GSM4750184,Illumina NovaSeq 6000,PAIRED,cDNA,TRANSCRIPTOMIC,Salmo salar,ILLUMINA,2020-08-28T00:00:00Z,2020-08-27T17:20:00Z,1,GSM4750184,brain,SRP279079,T1
SRR12534883,RNA-Seq,300,10888116600,PRJNA659756,SAMN15924925,3249837016,GEO,public,"sra,run.zq,fastq","gs,ncbi,s3","gs.US,ncbi.public,s3.us-east-1",SRX9024701,GSM4750184,Illumina NovaSeq 6000,PAIRED,cDNA,TRANSCRIPTOMIC,Salmo salar,ILLUMINA,2020-08-28T00:00:00Z,2020-08-27T17:22:00Z,1,GSM4750184,brain,SRP279079,T1
SRR12534884,RNA-Seq,300,9732527700,PRJNA659756,SAMN15924924,2945485436,GEO,public,"run.zq,sra,fastq","s3,gs,ncbi","ncbi.public,gs.US,s3.us-east-1",SRX9024702,GSM4750185,Illumina NovaSeq 6000,PAIRED,cDNA,TRANSCRIPTOMIC,Salmo salar,ILLUMINA,2020-08-28T00:00:00Z,2020-08-27T15:57:00Z,1,GSM4750185,brain,SRP279079,T2
SRR12534885,RNA-Seq,300,9690397200,PRJNA659756,SAMN15924924,2953311790,GEO,public,"fastq,sra,run.zq","s3,ncbi,gs","ncbi.public,s3.us-east-1,gs.US",SRX9024702,GSM4750185,Illumina NovaSeq 6000,PAIRED,cDNA,TRANSCRIPTOMIC,Salmo salar,ILLUMINA,2020-08-28T00:00:00Z,2020-08-27T15:57:00Z,1,GSM4750185,brain,SRP279079,T2
SRR12534886,RNA-Seq,300,11939173500,PRJNA659756,SAMN15924923,3527738568,GEO,public,"run.zq,sra,fastq","gs,ncbi,s3","s3.us-east-1,gs.US,ncbi.public",SRX9024703,GSM4750186,Illumina NovaSeq 6000,PAIRED,cDNA,TRANSCRIPTOMIC,Salmo salar,ILLUMINA,2020-08-28T00:00:00Z,2020-08-27T15:55:00Z,1,GSM4750186,brain,SRP279079,T2
SRR12534887,RNA-Seq,300,11923267800,PRJNA659756,SAMN15924923,3550766718,GEO,public,"run.zq,sra,fastq","gs,ncbi,s3","s3.us-east-1,ncbi.public,gs.US",SRX9024703,GSM4750186,Illumina NovaSeq 6000,PAIRED,cDNA,TRANSCRIPTOMIC,Salmo salar,ILLUMINA,2020-08-28T00:00:00Z,2020-08-27T16:04:00Z,1,GSM4750186,brain,SRP279079,T2
SRR12534888,RNA-Seq,300,13831338900,PRJNA659756,SAMN15924922,4075680203,GEO,public,"sra,run.zq,fastq","gs,s3,ncbi","s3.us-east-1,gs.US,ncbi.public",SRX9024704,GSM4750187,Illumina NovaSeq 6000,PAIRED,cDNA,TRANSCRIPTOMIC,Salmo salar,ILLUMINA,2020-08-28T00:00:00Z,2020-08-27T15:55:00Z,1,GSM4750187,brain,SRP279079,T2
SRR12534889,RNA-Seq,300,13817218200,PRJNA659756,SAMN15924922,4102010089,GEO,public,"run.zq,sra,fastq","ncbi,gs,s3","s3.us-east-1,ncbi.public,gs.US",SRX9024704,GSM4750187,Illumina NovaSeq 6000,PAIRED,cDNA,TRANSCRIPTOMIC,Salmo salar,ILLUMINA,2020-08-28T00:00:00Z,2020-08-27T16:07:00Z,1,GSM4750187,brain,SRP279079,T2
SRR12534890,RNA-Seq,300,11309064300,PRJNA659756,SAMN15924921,3361716207,GEO,public,"fastq,run.zq,sra","gs,s3,ncbi","ncbi.public,gs.US,s3.us-east-1",SRX9024705,GSM4750188,Illumina NovaSeq 6000,PAIRED,cDNA,TRANSCRIPTOMIC,Salmo salar,ILLUMINA,2020-08-28T00:00:00Z,2020-08-27T15:55:00Z,1,GSM4750188,brain,SRP279079,T2
SRR12534891,RNA-Seq,300,11278877400,PRJNA659756,SAMN15924921,3375676575,GEO,public,"sra,fastq,run.zq","ncbi,s3,gs","ncbi.public,s3.us-east-1,gs.US",SRX9024705,GSM4750188,Illumina NovaSeq 6000,PAIRED,cDNA,TRANSCRIPTOMIC,Salmo salar,ILLUMINA,2020-08-28T00:00:00Z,2020-08-27T15:59:00Z,1,GSM4750188,brain,SRP279079,T2
SRR12534892,RNA-Seq,300,9491588400,PRJNA659756,SAMN15924920,2864207190,GEO,public,"fastq,run.zq,sra","ncbi,gs,s3","ncbi.public,gs.US,s3.us-east-1",SRX9024706,GSM4750189,Illumina NovaSeq 6000,PAIRED,cDNA,TRANSCRIPTOMIC,Salmo salar,ILLUMINA,2020-08-28T00:00:00Z,2020-08-27T15:50:00Z,1,GSM4750189,brain,SRP279079,T3
SRR12534893,RNA-Seq,300,9437396700,PRJNA659756,SAMN15924920,2867080234,GEO,public,"sra,fastq,run.zq","ncbi,gs,s3","ncbi.public,s3.us-east-1,gs.US",SRX9024706,GSM4750189,Illumina NovaSeq 6000,PAIRED,cDNA,TRANSCRIPTOMIC,Salmo salar,ILLUMINA,2020-08-28T00:00:00Z,2020-08-27T15:54:00Z,1,GSM4750189,brain,SRP279079,T3
SRR12534894,RNA-Seq,300,10828572900,PRJNA659756,SAMN15924919,3225580129,GEO,public,"run.zq,sra,fastq","gs,s3,ncbi","ncbi.public,s3.us-east-1,gs.US",SRX9024707,GSM4750190,Illumina NovaSeq 6000,PAIRED,cDNA,TRANSCRIPTOMIC,Salmo salar,ILLUMINA,2020-08-28T00:00:00Z,2020-08-27T15:57:00Z,1,GSM4750190,brain,SRP279079,T3
SRR12534895,RNA-Seq,300,10794776400,PRJNA659756,SAMN15924919,3240849069,GEO,public,"fastq,run.zq,sra","gs,s3,ncbi","gs.US,ncbi.public,s3.us-east-1",SRX9024707,GSM4750190,Illumina NovaSeq 6000,PAIRED,cDNA,TRANSCRIPTOMIC,Salmo salar,ILLUMINA,2020-08-28T00:00:00Z,2020-08-27T16:01:00Z,1,GSM4750190,brain,SRP279079,T3
SRR12534896,RNA-Seq,300,10443822900,PRJNA659756,SAMN15924918,3097266361,GEO,public,"sra,fastq,run.zq","s3,ncbi,gs","s3.us-east-1,ncbi.public,gs.US",SRX9024708,GSM4750191,Illumina NovaSeq 6000,PAIRED,cDNA,TRANSCRIPTOMIC,Salmo salar,ILLUMINA,2020-08-28T00:00:00Z,2020-08-27T16:15:00Z,1,GSM4750191,brain,SRP279079,T3
SRR12534897,RNA-Seq,300,10398714000,PRJNA659756,SAMN15924918,3107674738,GEO,public,"fastq,sra,run.zq","ncbi,gs,s3","ncbi.public,gs.US,s3.us-east-1",SRX9024708,GSM4750191,Illumina NovaSeq 6000,PAIRED,cDNA,TRANSCRIPTOMIC,Salmo salar,ILLUMINA,2020-08-28T00:00:00Z,2020-08-27T15:57:00Z,1,GSM4750191,brain,SRP279079,T3
SRR12534898,RNA-Seq,300,10294402500,PRJNA659756,SAMN15924917,3041467078,GEO,public,"run.zq,fastq,sra","gs,s3,ncbi","s3.us-east-1,gs.US,ncbi.public",SRX9024709,GSM4750192,Illumina NovaSeq 6000,PAIRED,cDNA,TRANSCRIPTOMIC,Salmo salar,ILLUMINA,2020-08-28T00:00:00Z,2020-08-27T15:52:00Z,1,GSM4750192,brain,SRP279079,T3
SRR12534899,RNA-Seq,300,10253293500,PRJNA659756,SAMN15924917,3051461451,GEO,public,"run.zq,sra,fastq","s3,gs,ncbi","s3.us-east-1,gs.US,ncbi.public",SRX9024709,GSM4750192,Illumina NovaSeq 6000,PAIRED,cDNA,TRANSCRIPTOMIC,Salmo salar,ILLUMINA,2020-08-28T00:00:00Z,2020-08-27T15:51:00Z,1,GSM4750192,brain,SRP279079,T3
SRR12534900,RNA-Seq,300,9488462700,PRJNA659756,SAMN15924916,2824710612,GEO,public,"run.zq,fastq,sra","ncbi,s3,gs","ncbi.public,s3.us-east-1,gs.US",SRX9024710,GSM4750193,Illumina NovaSeq 6000,PAIRED,cDNA,TRANSCRIPTOMIC,Salmo salar,ILLUMINA,2020-08-28T00:00:00Z,2020-08-27T15:57:00Z,1,GSM4750193,brain,SRP279079,T4
SRR12534901,RNA-Seq,300,9447236100,PRJNA659756,SAMN15924916,2834752383,GEO,public,"fastq,run.zq,sra","s3,ncbi,gs","gs.US,s3.us-east-1,ncbi.public",SRX9024710,GSM4750193,Illumina NovaSeq 6000,PAIRED,cDNA,TRANSCRIPTOMIC,Salmo salar,ILLUMINA,2020-08-28T00:00:00Z,2020-08-27T15:51:00Z,1,GSM4750193,brain,SRP279079,T4
SRR12534902,RNA-Seq,300,8225340900,PRJNA659756,SAMN15924915,2494044419,GEO,public,"sra,fastq,run.zq","gs,ncbi,s3","s3.us-east-1,gs.US,ncbi.public",SRX9024711,GSM4750194,Illumina NovaSeq 6000,PAIRED,cDNA,TRANSCRIPTOMIC,Salmo salar,ILLUMINA,2020-08-28T00:00:00Z,2020-08-27T15:53:00Z,1,GSM4750194,brain,SRP279079,T4
SRR12534903,RNA-Seq,300,8176193700,PRJNA659756,SAMN15924915,2494674024,GEO,public,"run.zq,sra,fastq","ncbi,s3,gs","ncbi.public,s3.us-east-1,gs.US",SRX9024711,GSM4750194,Illumina NovaSeq 6000,PAIRED,cDNA,TRANSCRIPTOMIC,Salmo salar,ILLUMINA,2020-08-28T00:00:00Z,2020-08-27T15:50:00Z,1,GSM4750194,brain,SRP279079,T4
SRR12534904,RNA-Seq,300,9357152100,PRJNA659756,SAMN15924914,2776048582,GEO,public,"fastq,sra,run.zq","ncbi,s3,gs","gs.US,s3.us-east-1,ncbi.public",SRX9024712,GSM4750195,Illumina NovaSeq 6000,PAIRED,cDNA,TRANSCRIPTOMIC,Salmo salar,ILLUMINA,2020-08-28T00:00:00Z,2020-08-27T15:51:00Z,1,GSM4750195,brain,SRP279079,T4
SRR12534905,RNA-Seq,300,9328068900,PRJNA659756,SAMN15924914,2788490229,GEO,public,"run.zq,fastq,sra","ncbi,s3,gs","ncbi.public,gs.US,s3.us-east-1",SRX9024712,GSM4750195,Illumina NovaSeq 6000,PAIRED,cDNA,TRANSCRIPTOMIC,Salmo salar,ILLUMINA,2020-08-28T00:00:00Z,2020-08-27T15:50:00Z,1,GSM4750195,brain,SRP279079,T4
SRR12534906,RNA-Seq,300,8888510100,PRJNA659756,SAMN15924927,2620112701,GEO,public,"sra,run.zq,fastq","ncbi,gs,s3","gs.US,ncbi.public,s3.us-east-1",SRX9024713,GSM4750196,Illumina NovaSeq 6000,PAIRED,cDNA,TRANSCRIPTOMIC,Salmo salar,ILLUMINA,2020-08-28T00:00:00Z,2020-08-27T15:49:00Z,1,GSM4750196,brain,SRP279079,T4
SRR12534907,RNA-Seq,300,8863889700,PRJNA659756,SAMN15924927,2633561744,GEO,public,"fastq,run.zq,sra","s3,gs,ncbi","gs.US,s3.us-east-1,ncbi.public",SRX9024713,GSM4750196,Illumina NovaSeq 6000,PAIRED,cDNA,TRANSCRIPTOMIC,Salmo salar,ILLUMINA,2020-08-28T00:00:00Z,2020-08-27T15:51:00Z,1,GSM4750196,brain,SRP279079,T4
SRR12534908,RNA-Seq,300,11696222400,PRJNA659756,SAMN15924926,3473346240,GEO,public,"run.zq,fastq,sra","ncbi,s3,gs","ncbi.public,gs.US,s3.us-east-1",SRX9024714,GSM4750197,Illumina NovaSeq 6000,PAIRED,cDNA,TRANSCRIPTOMIC,Salmo salar,ILLUMINA,2020-08-28T00:00:00Z,2020-08-27T17:33:00Z,1,GSM4750197,pituitary,SRP279079,T1
SRR12534909,RNA-Seq,300,11660096100,PRJNA659756,SAMN15924926,3489158710,GEO,public,"sra,run.zq,fastq","s3,ncbi,gs","ncbi.public,gs.US,s3.us-east-1",SRX9024714,GSM4750197,Illumina NovaSeq 6000,PAIRED,cDNA,TRANSCRIPTOMIC,Salmo salar,ILLUMINA,2020-08-28T00:00:00Z,2020-08-27T17:09:00Z,1,GSM4750197,pituitary,SRP279079,T1
SRR12534910,RNA-Seq,300,10568353500,PRJNA659756,SAMN15924965,3215131554,GEO,public,"fastq,sra,run.zq","gs,ncbi,s3","gs.US,ncbi.public,s3.us-east-1",SRX9024715,GSM4750198,Illumina NovaSeq 6000,PAIRED,cDNA,TRANSCRIPTOMIC,Salmo salar,ILLUMINA,2020-08-28T00:00:00Z,2020-08-27T17:06:00Z,1,GSM4750198,pituitary,SRP279079,T1
SRR12534911,RNA-Seq,300,10524302100,PRJNA659756,SAMN15924965,3223730057,GEO,public,"fastq,run.zq,sra","gs,s3,ncbi","gs.US,s3.us-east-1,ncbi.public",SRX9024715,GSM4750198,Illumina NovaSeq 6000,PAIRED,cDNA,TRANSCRIPTOMIC,Salmo salar,ILLUMINA,2020-08-28T00:00:00Z,2020-08-27T17:06:00Z,1,GSM4750198,pituitary,SRP279079,T1
SRR12534912,RNA-Seq,300,11710266600,PRJNA659756,SAMN15924964,3487604983,GEO,public,"sra,run.zq,fastq","ncbi,gs,s3","gs.US,s3.us-east-1,ncbi.public",SRX9024716,GSM4750199,Illumina NovaSeq 6000,PAIRED,cDNA,TRANSCRIPTOMIC,Salmo salar,ILLUMINA,2020-08-28T00:00:00Z,2020-08-27T17:34:00Z,1,GSM4750199,pituitary,SRP279079,T1
SRR12534913,RNA-Seq,300,11688702900,PRJNA659756,SAMN15924964,3506386582,GEO,public,"fastq,sra,run.zq","s3,gs,ncbi","gs.US,s3.us-east-1,ncbi.public",SRX9024716,GSM4750199,Illumina NovaSeq 6000,PAIRED,cDNA,TRANSCRIPTOMIC,Salmo salar,ILLUMINA,2020-08-28T00:00:00Z,2020-08-27T17:17:00Z,1,GSM4750199,pituitary,SRP279079,T1
SRR12534914,RNA-Seq,300,11104901100,PRJNA659756,SAMN15924963,3267802924,GEO,public,"sra,run.zq,fastq","s3,ncbi,gs","gs.US,ncbi.public,s3.us-east-1",SRX9024717,GSM4750200,Illumina NovaSeq 6000,PAIRED,cDNA,TRANSCRIPTOMIC,Salmo salar,ILLUMINA,2020-08-28T00:00:00Z,2020-08-27T17:51:00Z,1,GSM4750200,pituitary,SRP279079,T1
SRR12534915,RNA-Seq,300,11078370000,PRJNA659756,SAMN15924963,3283075273,GEO,public,"run.zq,fastq,sra","ncbi,gs,s3","gs.US,s3.us-east-1,ncbi.public",SRX9024717,GSM4750200,Illumina NovaSeq 6000,PAIRED,cDNA,TRANSCRIPTOMIC,Salmo salar,ILLUMINA,2020-08-28T00:00:00Z,2020-08-27T17:32:00Z,1,GSM4750200,pituitary,SRP279079,T1
SRR12534916,RNA-Seq,300,9796288500,PRJNA659756,SAMN15924962,2978677948,GEO,public,"sra,fastq,run.zq","ncbi,gs,s3","gs.US,ncbi.public,s3.us-east-1",SRX9024718,GSM4750201,Illumina NovaSeq 6000,PAIRED,cDNA,TRANSCRIPTOMIC,Salmo salar,ILLUMINA,2020-08-28T00:00:00Z,2020-08-27T15:59:00Z,1,GSM4750201,pituitary,SRP279079,T2
SRR12534917,RNA-Seq,300,9745864800,PRJNA659756,SAMN15924962,2983466923,GEO,public,"fastq,sra,run.zq","gs,ncbi,s3","ncbi.public,s3.us-east-1,gs.US",SRX9024718,GSM4750201,Illumina NovaSeq 6000,PAIRED,cDNA,TRANSCRIPTOMIC,Salmo salar,ILLUMINA,2020-08-28T00:00:00Z,2020-08-27T16:02:00Z,1,GSM4750201,pituitary,SRP279079,T2
SRR12534918,RNA-Seq,300,10586134800,PRJNA659756,SAMN15924961,3216517128,GEO,public,"run.zq,sra,fastq","gs,s3,ncbi","gs.US,ncbi.public,s3.us-east-1",SRX9024719,GSM4750202,Illumina NovaSeq 6000,PAIRED,cDNA,TRANSCRIPTOMIC,Salmo salar,ILLUMINA,2020-08-28T00:00:00Z,2020-08-27T16:04:00Z,1,GSM4750202,pituitary,SRP279079,T2
SRR12534919,RNA-Seq,300,10556764200,PRJNA659756,SAMN15924961,3231674472,GEO,public,"sra,run.zq,fastq","ncbi,s3,gs","gs.US,ncbi.public,s3.us-east-1",SRX9024719,GSM4750202,Illumina NovaSeq 6000,PAIRED,cDNA,TRANSCRIPTOMIC,Salmo salar,ILLUMINA,2020-08-28T00:00:00Z,2020-08-27T16:07:00Z,1,GSM4750202,pituitary,SRP279079,T2
SRR12534920,RNA-Seq,300,11103417900,PRJNA659756,SAMN15924960,3312186453,GEO,public,"fastq,sra,run.zq","gs,s3,ncbi","gs.US,s3.us-east-1,ncbi.public",SRX9024720,GSM4750203,Illumina NovaSeq 6000,PAIRED,cDNA,TRANSCRIPTOMIC,Salmo salar,ILLUMINA,2020-08-28T00:00:00Z,2020-08-27T16:00:00Z,1,GSM4750203,pituitary,SRP279079,T2
SRR12534921,RNA-Seq,300,11064437700,PRJNA659756,SAMN15924960,3325836409,GEO,public,"fastq,run.zq,sra","gs,ncbi,s3","ncbi.public,s3.us-east-1,gs.US",SRX9024720,GSM4750203,Illumina NovaSeq 6000,PAIRED,cDNA,TRANSCRIPTOMIC,Salmo salar,ILLUMINA,2020-08-28T00:00:00Z,2020-08-27T16:00:00Z,1,GSM4750203,pituitary,SRP279079,T2
SRR12534922,RNA-Seq,300,10771842900,PRJNA659756,SAMN15924959,3205164875,GEO,public,"sra,run.zq,fastq","ncbi,s3,gs","s3.us-east-1,ncbi.public,gs.US",SRX9024721,GSM4750204,Illumina NovaSeq 6000,PAIRED,cDNA,TRANSCRIPTOMIC,Salmo salar,ILLUMINA,2020-08-28T00:00:00Z,2020-08-27T16:01:00Z,1,GSM4750204,pituitary,SRP279079,T2
SRR12534923,RNA-Seq,300,10730088900,PRJNA659756,SAMN15924959,3215839520,GEO,public,"sra,run.zq,fastq","ncbi,s3,gs","gs.US,s3.us-east-1,ncbi.public",SRX9024721,GSM4750204,Illumina NovaSeq 6000,PAIRED,cDNA,TRANSCRIPTOMIC,Salmo salar,ILLUMINA,2020-08-28T00:00:00Z,2020-08-27T16:01:00Z,1,GSM4750204,pituitary,SRP279079,T2
SRR12534924,RNA-Seq,300,9966420000,PRJNA659756,SAMN15924958,2965459022,GEO,public,"fastq,run.zq,sra","s3,ncbi,gs","s3.us-east-1,gs.US,ncbi.public",SRX9024722,GSM4750205,Illumina NovaSeq 6000,PAIRED,cDNA,TRANSCRIPTOMIC,Salmo salar,ILLUMINA,2020-08-28T00:00:00Z,2020-08-27T15:58:00Z,1,GSM4750205,pituitary,SRP279079,T3
SRR12534925,RNA-Seq,300,9918290400,PRJNA659756,SAMN15924958,2974686453,GEO,public,"fastq,sra,run.zq","ncbi,gs,s3","gs.US,ncbi.public,s3.us-east-1",SRX9024722,GSM4750205,Illumina NovaSeq 6000,PAIRED,cDNA,TRANSCRIPTOMIC,Salmo salar,ILLUMINA,2020-08-28T00:00:00Z,2020-08-27T16:12:00Z,1,GSM4750205,pituitary,SRP279079,T3
SRR12534926,RNA-Seq,300,9889317300,PRJNA659756,SAMN15924957,2919990325,GEO,public,"sra,run.zq,fastq","ncbi,s3,gs","s3.us-east-1,gs.US,ncbi.public",SRX9024723,GSM4750206,Illumina NovaSeq 6000,PAIRED,cDNA,TRANSCRIPTOMIC,Salmo salar,ILLUMINA,2020-08-28T00:00:00Z,2020-08-27T16:01:00Z,1,GSM4750206,pituitary,SRP279079,T3
SRR12534927,RNA-Seq,300,9849438900,PRJNA659756,SAMN15924957,2928500641,GEO,public,"run.zq,sra,fastq","gs,ncbi,s3","ncbi.public,gs.US,s3.us-east-1",SRX9024723,GSM4750206,Illumina NovaSeq 6000,PAIRED,cDNA,TRANSCRIPTOMIC,Salmo salar,ILLUMINA,2020-08-28T00:00:00Z,2020-08-27T16:07:00Z,1,GSM4750206,pituitary,SRP279079,T3
SRR12534928,RNA-Seq,300,9737347800,PRJNA659756,SAMN15924956,2883075329,GEO,public,"sra,run.zq,fastq","ncbi,s3,gs","s3.us-east-1,ncbi.public,gs.US",SRX9024724,GSM4750207,Illumina NovaSeq 6000,PAIRED,cDNA,TRANSCRIPTOMIC,Salmo salar,ILLUMINA,2020-08-28T00:00:00Z,2020-08-27T16:23:00Z,1,GSM4750207,pituitary,SRP279079,T3
SRR12534929,RNA-Seq,300,9706327500,PRJNA659756,SAMN15924956,2895605054,GEO,public,"run.zq,fastq,sra","s3,ncbi,gs","ncbi.public,gs.US,s3.us-east-1",SRX9024724,GSM4750207,Illumina NovaSeq 6000,PAIRED,cDNA,TRANSCRIPTOMIC,Salmo salar,ILLUMINA,2020-08-28T00:00:00Z,2020-08-27T16:08:00Z,1,GSM4750207,pituitary,SRP279079,T3
SRR12534930,RNA-Seq,300,10225061400,PRJNA659756,SAMN15924955,3045108176,GEO,public,"run.zq,fastq,sra","ncbi,s3,gs","s3.us-east-1,ncbi.public,gs.US",SRX9024725,GSM4750208,Illumina NovaSeq 6000,PAIRED,cDNA,TRANSCRIPTOMIC,Salmo salar,ILLUMINA,2020-08-28T00:00:00Z,2020-08-27T16:21:00Z,1,GSM4750208,pituitary,SRP279079,T3
SRR12534931,RNA-Seq,300,10189229100,PRJNA659756,SAMN15924955,3056592869,GEO,public,"fastq,run.zq,sra","ncbi,gs,s3","gs.US,ncbi.public,s3.us-east-1",SRX9024725,GSM4750208,Illumina NovaSeq 6000,PAIRED,cDNA,TRANSCRIPTOMIC,Salmo salar,ILLUMINA,2020-08-28T00:00:00Z,2020-08-27T16:06:00Z,1,GSM4750208,pituitary,SRP279079,T3
SRR12534932,RNA-Seq,300,9823833600,PRJNA659756,SAMN15924954,2902704964,GEO,public,"run.zq,sra,fastq","s3,ncbi,gs","gs.US,s3.us-east-1,ncbi.public",SRX9024726,GSM4750209,Illumina NovaSeq 6000,PAIRED,cDNA,TRANSCRIPTOMIC,Salmo salar,ILLUMINA,2020-08-28T00:00:00Z,2020-08-27T15:59:00Z,1,GSM4750209,pituitary,SRP279079,T4
SRR12534933,RNA-Seq,300,9794050200,PRJNA659756,SAMN15924954,2916579639,GEO,public,"fastq,sra,run.zq","gs,s3,ncbi","s3.us-east-1,ncbi.public,gs.US",SRX9024726,GSM4750209,Illumina NovaSeq 6000,PAIRED,cDNA,TRANSCRIPTOMIC,Salmo salar,ILLUMINA,2020-08-28T00:00:00Z,2020-08-27T15:59:00Z,1,GSM4750209,pituitary,SRP279079,T4
SRR12534934,RNA-Seq,300,9873618300,PRJNA659756,SAMN15924953,2971457135,GEO,public,"fastq,run.zq,sra","gs,s3,ncbi","ncbi.public,gs.US,s3.us-east-1",SRX9024727,GSM4750210,Illumina NovaSeq 6000,PAIRED,cDNA,TRANSCRIPTOMIC,Salmo salar,ILLUMINA,2020-08-28T00:00:00Z,2020-08-27T16:11:00Z,1,GSM4750210,pituitary,SRP279079,T4
SRR12534935,RNA-Seq,300,9834118200,PRJNA659756,SAMN15924953,2980985283,GEO,public,"fastq,run.zq,sra","gs,ncbi,s3","gs.US,s3.us-east-1,ncbi.public",SRX9024727,GSM4750210,Illumina NovaSeq 6000,PAIRED,cDNA,TRANSCRIPTOMIC,Salmo salar,ILLUMINA,2020-08-28T00:00:00Z,2020-08-27T15:59:00Z,1,GSM4750210,pituitary,SRP279079,T4
SRR12534936,RNA-Seq,300,9912278700,PRJNA659756,SAMN15924952,2934524109,GEO,public,"fastq,sra,run.zq","s3,gs,ncbi","gs.US,s3.us-east-1,ncbi.public",SRX9024728,GSM4750211,Illumina NovaSeq 6000,PAIRED,cDNA,TRANSCRIPTOMIC,Salmo salar,ILLUMINA,2020-08-28T00:00:00Z,2020-08-27T16:15:00Z,1,GSM4750211,pituitary,SRP279079,T4
SRR12534937,RNA-Seq,300,9896114100,PRJNA659756,SAMN15924952,2951638599,GEO,public,"run.zq,sra,fastq","gs,ncbi,s3","gs.US,ncbi.public,s3.us-east-1",SRX9024728,GSM4750211,Illumina NovaSeq 6000,PAIRED,cDNA,TRANSCRIPTOMIC,Salmo salar,ILLUMINA,2020-08-28T00:00:00Z,2020-08-27T16:13:00Z,1,GSM4750211,pituitary,SRP279079,T4
SRR12534938,RNA-Seq,300,9686450400,PRJNA659756,SAMN15924951,2845392650,GEO,public,"fastq,sra,run.zq","ncbi,gs,s3","s3.us-east-1,ncbi.public,gs.US",SRX9024729,GSM4750212,Illumina NovaSeq 6000,PAIRED,cDNA,TRANSCRIPTOMIC,Salmo salar,ILLUMINA,2020-08-28T00:00:00Z,2020-08-27T16:08:00Z,1,GSM4750212,pituitary,SRP279079,T4
SRR12534939,RNA-Seq,300,9664410300,PRJNA659756,SAMN15924951,2859636281,GEO,public,"run.zq,sra,fastq","s3,gs,ncbi","gs.US,s3.us-east-1,ncbi.public",SRX9024729,GSM4750212,Illumina NovaSeq 6000,PAIRED,cDNA,TRANSCRIPTOMIC,Salmo salar,ILLUMINA,2020-08-28T00:00:00Z,2020-08-27T16:13:00Z,1,GSM4750212,pituitary,SRP279079,T4
SRR12534940,RNA-Seq,300,12447647100,PRJNA659756,SAMN15924950,3693269025,GEO,public,"fastq,sra,run.zq","ncbi,gs,s3","s3.us-east-1,gs.US,ncbi.public",SRX9024730,GSM4750213,Illumina NovaSeq 6000,PAIRED,cDNA,TRANSCRIPTOMIC,Salmo salar,ILLUMINA,2020-08-28T00:00:00Z,2020-08-27T17:14:00Z,1,GSM4750213,ovary,SRP279079,T1
SRR12534941,RNA-Seq,300,12411258600,PRJNA659756,SAMN15924950,3710232180,GEO,public,"fastq,run.zq,sra","ncbi,s3,gs","s3.us-east-1,gs.US,ncbi.public",SRX9024730,GSM4750213,Illumina NovaSeq 6000,PAIRED,cDNA,TRANSCRIPTOMIC,Salmo salar,ILLUMINA,2020-08-28T00:00:00Z,2020-08-27T16:58:00Z,1,GSM4750213,ovary,SRP279079,T1
SRR12534942,RNA-Seq,300,11914035600,PRJNA659756,SAMN15924949,3569108321,GEO,public,"sra,fastq,run.zq","gs,ncbi,s3","s3.us-east-1,gs.US,ncbi.public",SRX9024731,GSM4750214,Illumina NovaSeq 6000,PAIRED,cDNA,TRANSCRIPTOMIC,Salmo salar,ILLUMINA,2020-08-28T00:00:00Z,2020-08-27T18:23:00Z,1,GSM4750214,ovary,SRP279079,T1
SRR12534943,RNA-Seq,300,11887280700,PRJNA659756,SAMN15924949,3588625906,GEO,public,"run.zq,fastq,sra","s3,gs,ncbi","s3.us-east-1,gs.US,ncbi.public",SRX9024731,GSM4750214,Illumina NovaSeq 6000,PAIRED,cDNA,TRANSCRIPTOMIC,Salmo salar,ILLUMINA,2020-08-28T00:00:00Z,2020-08-27T17:26:00Z,1,GSM4750214,ovary,SRP279079,T1
SRR12534944,RNA-Seq,300,10731643800,PRJNA659756,SAMN15924944,3265284984,GEO,public,"fastq,run.zq,sra","ncbi,gs,s3","gs.US,s3.us-east-1,ncbi.public",SRX9024732,GSM4750215,Illumina NovaSeq 6000,PAIRED,cDNA,TRANSCRIPTOMIC,Salmo salar,ILLUMINA,2020-08-28T00:00:00Z,2020-08-27T17:34:00Z,1,GSM4750215,ovary,SRP279079,T1
SRR12534945,RNA-Seq,300,10682744700,PRJNA659756,SAMN15924944,3272466437,GEO,public,"run.zq,fastq,sra","ncbi,gs,s3","s3.us-east-1,ncbi.public,gs.US",SRX9024732,GSM4750215,Illumina NovaSeq 6000,PAIRED,cDNA,TRANSCRIPTOMIC,Salmo salar,ILLUMINA,2020-08-28T00:00:00Z,2020-08-27T17:08:00Z,1,GSM4750215,ovary,SRP279079,T1
SRR12534946,RNA-Seq,300,11601669000,PRJNA659756,SAMN15924943,3424972974,GEO,public,"run.zq,sra,fastq","ncbi,gs,s3","s3.us-east-1,gs.US,ncbi.public",SRX9024733,GSM4750216,Illumina NovaSeq 6000,PAIRED,cDNA,TRANSCRIPTOMIC,Salmo salar,ILLUMINA,2020-08-28T00:00:00Z,2020-08-27T17:25:00Z,1,GSM4750216,ovary,SRP279079,T1
SRR12534947,RNA-Seq,300,11570552700,PRJNA659756,SAMN15924943,3440919469,GEO,public,"sra,fastq,run.zq","ncbi,s3,gs","ncbi.public,gs.US,s3.us-east-1",SRX9024733,GSM4750216,Illumina NovaSeq 6000,PAIRED,cDNA,TRANSCRIPTOMIC,Salmo salar,ILLUMINA,2020-08-28T00:00:00Z,2020-08-27T17:14:00Z,1,GSM4750216,ovary,SRP279079,T1
SRR12534948,RNA-Seq,300,10779933900,PRJNA659756,SAMN15924948,3259967891,GEO,public,"run.zq,fastq,sra","ncbi,s3,gs","s3.us-east-1,gs.US,ncbi.public",SRX9024734,GSM4750217,Illumina NovaSeq 6000,PAIRED,cDNA,TRANSCRIPTOMIC,Salmo salar,ILLUMINA,2020-08-28T00:00:00Z,2020-08-27T15:58:00Z,1,GSM4750217,ovary,SRP279079,T2
SRR12534949,RNA-Seq,300,10738433100,PRJNA659756,SAMN15924948,3270981278,GEO,public,"run.zq,fastq,sra","gs,ncbi,s3","s3.us-east-1,gs.US,ncbi.public",SRX9024734,GSM4750217,Illumina NovaSeq 6000,PAIRED,cDNA,TRANSCRIPTOMIC,Salmo salar,ILLUMINA,2020-08-28T00:00:00Z,2020-08-27T16:04:00Z,1,GSM4750217,ovary,SRP279079,T2
SRR12534950,RNA-Seq,300,10972133100,PRJNA659756,SAMN15924947,3226304654,GEO,public,"fastq,run.zq,sra","ncbi,s3,gs","gs.US,s3.us-east-1,ncbi.public",SRX9024735,GSM4750218,Illumina NovaSeq 6000,PAIRED,cDNA,TRANSCRIPTOMIC,Salmo salar,ILLUMINA,2020-08-28T00:00:00Z,2020-08-27T16:00:00Z,1,GSM4750218,ovary,SRP279079,T2
SRR12534951,RNA-Seq,300,10943094000,PRJNA659756,SAMN15924947,3240747025,GEO,public,"fastq,run.zq,sra","ncbi,s3,gs","ncbi.public,gs.US,s3.us-east-1",SRX9024735,GSM4750218,Illumina NovaSeq 6000,PAIRED,cDNA,TRANSCRIPTOMIC,Salmo salar,ILLUMINA,2020-08-28T00:00:00Z,2020-08-27T16:00:00Z,1,GSM4750218,ovary,SRP279079,T2
SRR12534952,RNA-Seq,300,9640538700,PRJNA659756,SAMN15924946,2962838988,GEO,public,"run.zq,sra,fastq","ncbi,gs,s3","s3.us-east-1,ncbi.public,gs.US",SRX9024736,GSM4750219,Illumina NovaSeq 6000,PAIRED,cDNA,TRANSCRIPTOMIC,Salmo salar,ILLUMINA,2020-08-28T00:00:00Z,2020-08-27T15:58:00Z,1,GSM4750219,ovary,SRP279079,T2
SRR12534953,RNA-Seq,300,9607861500,PRJNA659756,SAMN15924946,2972122379,GEO,public,"fastq,run.zq,sra","s3,gs,ncbi","ncbi.public,s3.us-east-1,gs.US",SRX9024736,GSM4750219,Illumina NovaSeq 6000,PAIRED,cDNA,TRANSCRIPTOMIC,Salmo salar,ILLUMINA,2020-08-28T00:00:00Z,2020-08-27T15:59:00Z,1,GSM4750219,ovary,SRP279079,T2
SRR12534954,RNA-Seq,300,8123670900,PRJNA659756,SAMN15924945,2479273003,GEO,public,"sra,fastq,run.zq","s3,gs,ncbi","ncbi.public,s3.us-east-1,gs.US",SRX9024737,GSM4750220,Illumina NovaSeq 6000,PAIRED,cDNA,TRANSCRIPTOMIC,Salmo salar,ILLUMINA,2020-08-28T00:00:00Z,2020-08-27T15:56:00Z,1,GSM4750220,ovary,SRP279079,T2
SRR12534955,RNA-Seq,300,8081720700,PRJNA659756,SAMN15924945,2482060914,GEO,public,"fastq,run.zq,sra","ncbi,gs,s3","s3.us-east-1,ncbi.public,gs.US",SRX9024737,GSM4750220,Illumina NovaSeq 6000,PAIRED,cDNA,TRANSCRIPTOMIC,Salmo salar,ILLUMINA,2020-08-28T00:00:00Z,2020-08-27T15:54:00Z,1,GSM4750220,ovary,SRP279079,T2
SRR12534956,RNA-Seq,300,9631884600,PRJNA659756,SAMN15924942,2863723824,GEO,public,"sra,fastq,run.zq","gs,s3,ncbi","s3.us-east-1,ncbi.public,gs.US",SRX9024738,GSM4750221,Illumina NovaSeq 6000,PAIRED,cDNA,TRANSCRIPTOMIC,Salmo salar,ILLUMINA,2020-08-28T00:00:00Z,2020-08-27T15:53:00Z,1,GSM4750221,ovary,SRP279079,T3
SRR12534957,RNA-Seq,300,9602793900,PRJNA659756,SAMN15924942,2877147976,GEO,public,"sra,fastq,run.zq","gs,s3,ncbi","s3.us-east-1,gs.US,ncbi.public",SRX9024738,GSM4750221,Illumina NovaSeq 6000,PAIRED,cDNA,TRANSCRIPTOMIC,Salmo salar,ILLUMINA,2020-08-28T00:00:00Z,2020-08-27T15:57:00Z,1,GSM4750221,ovary,SRP279079,T3
SRR12534958,RNA-Seq,300,10469501100,PRJNA659756,SAMN15924941,3120157750,GEO,public,"fastq,run.zq,sra","s3,ncbi,gs","s3.us-east-1,gs.US,ncbi.public",SRX9024739,GSM4750222,Illumina NovaSeq 6000,PAIRED,cDNA,TRANSCRIPTOMIC,Salmo salar,ILLUMINA,2020-08-28T00:00:00Z,2020-08-27T16:02:00Z,1,GSM4750222,ovary,SRP279079,T3
SRR12534959,RNA-Seq,300,10458192300,PRJNA659756,SAMN15924941,3141486506,GEO,public,"run.zq,sra,fastq","gs,ncbi,s3","ncbi.public,gs.US,s3.us-east-1",SRX9024739,GSM4750222,Illumina NovaSeq 6000,PAIRED,cDNA,TRANSCRIPTOMIC,Salmo salar,ILLUMINA,2020-08-28T00:00:00Z,2020-08-27T16:00:00Z,1,GSM4750222,ovary,SRP279079,T3
SRR12534960,RNA-Seq,300,10330298400,PRJNA659756,SAMN15924940,3068598491,GEO,public,"fastq,sra,run.zq","ncbi,s3,gs","gs.US,s3.us-east-1,ncbi.public",SRX9024740,GSM4750223,Illumina NovaSeq 6000,PAIRED,cDNA,TRANSCRIPTOMIC,Salmo salar,ILLUMINA,2020-08-28T00:00:00Z,2020-08-27T16:03:00Z,1,GSM4750223,ovary,SRP279079,T3
SRR12534961,RNA-Seq,300,10317435600,PRJNA659756,SAMN15924940,3088355670,GEO,public,"sra,fastq,run.zq","ncbi,gs,s3","ncbi.public,gs.US,s3.us-east-1",SRX9024740,GSM4750223,Illumina NovaSeq 6000,PAIRED,cDNA,TRANSCRIPTOMIC,Salmo salar,ILLUMINA,2020-08-28T00:00:00Z,2020-08-27T16:00:00Z,1,GSM4750223,ovary,SRP279079,T3
SRR12534962,RNA-Seq,300,9181784700,PRJNA659756,SAMN15924939,2728823805,GEO,public,"sra,run.zq,fastq","s3,gs,ncbi","gs.US,s3.us-east-1,ncbi.public",SRX9024741,GSM4750224,Illumina NovaSeq 6000,PAIRED,cDNA,TRANSCRIPTOMIC,Salmo salar,ILLUMINA,2020-08-28T00:00:00Z,2020-08-27T16:01:00Z,1,GSM4750224,ovary,SRP279079,T3
SRR12534963,RNA-Seq,300,9163521600,PRJNA659756,SAMN15924939,2742759542,GEO,public,"sra,fastq,run.zq","gs,s3,ncbi","ncbi.public,gs.US,s3.us-east-1",SRX9024741,GSM4750224,Illumina NovaSeq 6000,PAIRED,cDNA,TRANSCRIPTOMIC,Salmo salar,ILLUMINA,2020-08-28T00:00:00Z,2020-08-27T16:06:00Z,1,GSM4750224,ovary,SRP279079,T3
SRR12534964,RNA-Seq,300,11216008500,PRJNA659756,SAMN15924938,3317320004,GEO,public,"fastq,run.zq,sra","s3,gs,ncbi","s3.us-east-1,gs.US,ncbi.public",SRX9024742,GSM4750225,Illumina NovaSeq 6000,PAIRED,cDNA,TRANSCRIPTOMIC,Salmo salar,ILLUMINA,2020-08-28T00:00:00Z,2020-08-27T16:08:00Z,1,GSM4750225,ovary,SRP279079,T4
SRR12534965,RNA-Seq,300,11183438700,PRJNA659756,SAMN15924938,3333067085,GEO,public,"sra,run.zq,fastq","gs,ncbi,s3","gs.US,ncbi.public,s3.us-east-1",SRX9024742,GSM4750225,Illumina NovaSeq 6000,PAIRED,cDNA,TRANSCRIPTOMIC,Salmo salar,ILLUMINA,2020-08-28T00:00:00Z,2020-08-27T16:10:00Z,1,GSM4750225,ovary,SRP279079,T4
SRR12534966,RNA-Seq,300,11091483000,PRJNA659756,SAMN15924904,3306472491,GEO,public,"sra,run.zq,fastq","gs,s3,ncbi","ncbi.public,s3.us-east-1,gs.US",SRX9024743,GSM4750226,Illumina NovaSeq 6000,PAIRED,cDNA,TRANSCRIPTOMIC,Salmo salar,ILLUMINA,2020-08-28T00:00:00Z,2020-08-27T16:10:00Z,1,GSM4750226,ovary,SRP279079,T4
SRR12534967,RNA-Seq,300,11070207300,PRJNA659756,SAMN15924904,3326308402,GEO,public,"sra,fastq,run.zq","gs,s3,ncbi","ncbi.public,s3.us-east-1,gs.US",SRX9024743,GSM4750226,Illumina NovaSeq 6000,PAIRED,cDNA,TRANSCRIPTOMIC,Salmo salar,ILLUMINA,2020-08-28T00:00:00Z,2020-08-27T16:06:00Z,1,GSM4750226,ovary,SRP279079,T4
SRR12534968,RNA-Seq,300,10530697800,PRJNA659756,SAMN15924903,3126779463,GEO,public,"sra,run.zq,fastq","s3,gs,ncbi","ncbi.public,s3.us-east-1,gs.US",SRX9024744,GSM4750227,Illumina NovaSeq 6000,PAIRED,cDNA,TRANSCRIPTOMIC,Salmo salar,ILLUMINA,2020-08-28T00:00:00Z,2020-08-27T15:58:00Z,1,GSM4750227,ovary,SRP279079,T4
SRR12534969,RNA-Seq,300,10493538600,PRJNA659756,SAMN15924903,3139935109,GEO,public,"run.zq,sra,fastq","gs,s3,ncbi","gs.US,ncbi.public,s3.us-east-1",SRX9024744,GSM4750227,Illumina NovaSeq 6000,PAIRED,cDNA,TRANSCRIPTOMIC,Salmo salar,ILLUMINA,2020-08-28T00:00:00Z,2020-08-27T16:03:00Z,1,GSM4750227,ovary,SRP279079,T4
SRR12534970,RNA-Seq,300,9948831900,PRJNA659756,SAMN15924902,2933608405,GEO,public,"run.zq,fastq,sra","gs,ncbi,s3","s3.us-east-1,ncbi.public,gs.US",SRX9024745,GSM4750228,Illumina NovaSeq 6000,PAIRED,cDNA,TRANSCRIPTOMIC,Salmo salar,ILLUMINA,2020-08-28T00:00:00Z,2020-08-27T16:09:00Z,1,GSM4750228,ovary,SRP279079,T4
SRR12534971,RNA-Seq,300,9919011000,PRJNA659756,SAMN15924902,2946675147,GEO,public,"fastq,run.zq,sra","ncbi,gs,s3","s3.us-east-1,gs.US,ncbi.public",SRX9024745,GSM4750228,Illumina NovaSeq 6000,PAIRED,cDNA,TRANSCRIPTOMIC,Salmo salar,ILLUMINA,2020-08-28T00:00:00Z,2020-08-27T16:00:00Z,1,GSM4750228,ovary,SRP279079,T4
